max_features,n_estimators,R2
1,10,0.4036092921373945
1,20,0.4179511342116756
1,30,0.42543802108534046
1,40,0.43542737333627707
1,50,0.43819922026977487
2,10,0.4147385924104855
2,20,0.44836367884075373
2,30,0.4397433687061575
2,40,0.45032546906907295
2,50,0.45782591940378004
3,10,0.4026148499400607
3,20,0.4500726638283763
3,30,0.45844835958733965
3,40,0.46826598527559665
3,50,0.46875406086140464
